<?xml version="1.0" encoding="UTF-8"?>
<metadata modelVersion="1.1.0">
  <groupId>org.tuxdevelop</groupId>
  <artifactId>spring-batch-lightmin-api</artifactId>
  <version>0.3.4-SNAPSHOT</version>
  <versioning>
    <snapshot>
      <localCopy>true</localCopy>
    </snapshot>
    <lastUpdated>20170125055235</lastUpdated>
    <snapshotVersions>
      <snapshotVersion>
        <classifier>sources</classifier>
        <extension>jar</extension>
        <value>0.3.4-SNAPSHOT</value>
        <updated>20170125055235</updated>
      </snapshotVersion>
      <snapshotVersion>
        <extension>jar</extension>
        <value>0.3.4-SNAPSHOT</value>
        <updated>20170125055235</updated>
      </snapshotVersion>
      <snapshotVersion>
        <extension>pom</extension>
        <value>0.3.4-SNAPSHOT</value>
        <updated>20170125055235</updated>
      </snapshotVersion>
    </snapshotVersions>
  </versioning>
</metadata>
